,car_id,name,amount,region,use_type,milage
0,/5d2nyVDMcYxpdGepSQvwlByN,Honda Civic 2009 Black,"₦ 2,070,000","Lagos State, Surulere",Nigerian Used,154889 km
1,/96ZjzICJrI2c7ArSZvMFCgc7,Honda Accord 2004 Gray,"₦ 1,575,000","Oyo State, Ibadan",Nigerian Used,231145 km
2,/dwCqjx0JacjjiDO6eohFVALT,Honda Accord 2011 Silver,"₦ 2,750,625","Abuja (FCT), Gwarinpa",Nigerian Used,118948 km
3,/fSA6pM9OGsZuBAg1hIDbPGLW,Audi A4 2011 White,"₦ 5,062,500","Lagos State, Magodo",Nigerian Used,99291 km
4,/dDUg6cZPHr2amDLLYkR92ofo,Toyota Sienna 2006 Blue,"₦ 2,880,000","Lagos State, Kosofe",Nigerian Used,339073 km
5,/83RLiq9Z08l4TY7DenOSyPae,Toyota Camry 2002 Black,"₦ 3,375,000","Abuja (FCT), Gwarinpa",Nigerian Used,262478 km
6,/xv5uOBoZJeJPaSb4hoQmUnsi,Lexus RX 330 2006 Blue,"₦ 3,937,500","Anambra State, Onitsha",Nigerian Used,138580 km
7,/fqvdMyZtOGLpZpc81NqAF7t3,Hyundai Creta 2016 Gold,"₦ 5,737,500","Lagos State, Ikeja",Nigerian Used,8469 km
8,/34KRfGeBTRq9NhRfiatPFa5j,Toyota 4-Runner 2004 Black,"₦ 2,565,000","Lagos State, Kosofe",Nigerian Used,80061 km
9,/tA1AEG5alfYbROl8R3tRCP5Z,Toyota Camry 2008 Gray,"₦ 3,026,250","Lagos State, Ojodu",Nigerian Used,278077 km
10,/HNgWKUhMFDVU6w6j9syExG,Honda Accord 2008 White,"₦ 2,925,000","Abuja (FCT), Garki 2",Nigerian Used,142993 km
11,/s4I6QEtUIOPo82gYfCEWbjeL,New Toyota Corolla 2009 Gold,"₦ 3,150,000","Lagos State, Ifako-Ijaiye",Brand New,145681 km
12,/mahQKiyAC0X64CoZZVUgHojM,Toyota Camry 2010 Silver,"₦ 2,913,750","Lagos State, Yaba",Nigerian Used,118164 km
13,/rgFf5cP6RhwfjmeS9tYwg8XD,Toyota Matrix 2006 Gray,"₦ 2,534,062","Rivers State, Port-Harcourt",Nigerian Used,74057 km
14,/pwpokkaCdU498FGaiz5iK5KF,Ford Edge 2007 Blue,"₦ 2,475,000","Abuja (FCT), Jabi",Nigerian Used,249478 km
15,/ATVAaifQMLdlrDmVyAO2kxne,Ford Ranger 2012 White,"₦ 3,858,750","Abuja (FCT), Katampe",Nigerian Used,107998 km
16,/q4YS7IGOqRl0jy1VWPhTjEsk,Toyota Camry 2009 Red,"₦ 3,432,000","Abuja (FCT), Jabi",Nigerian Used,317025 km
17,/puXOFkUCjD0xYeoddwie2fHW,Honda Accord Crosstour 2010 Red,"₦ 3,600,000","Delta State, Oshimili South",Nigerian Used,87287 km
18,/plbXvzGwuPHGKRzdIaCCpBjb,Mercedes-Benz S-Class 2005 Silver,"₦ 7,875,000","Abuja (FCT), Jabi",Nigerian Used,92971 km
19,/pIDiKBiTDgDvwOkODUp3G2ha,Mercedes-Benz B-Class 2008 Silver,"₦ 3,375,000","Kaduna State, Kaduna / Kaduna State",Foreign Used,99999 km
20,/rhvstDdW5WmulJ1NYtXCbRpW,Honda Accord 2008 Silver,"₦ 2,250,000","Abuja (FCT), Lugbe District",Nigerian Used,171591 km
21,/44EPskf55bBCsTGbBXTrPTYj,Toyota Camry 2007 Gold,"₦ 3,937,500","Lagos State, Isolo",Nigerian Used,168212 km
22,/p45y86vmoCOPaI6mRjqCLiZN,Nissan Xterra SE 4x4 2006 Silver,"₦ 1,665,000","Lagos State, Ikeja",Nigerian Used,164606 km
23,/6AWPsr2OUNzUCPdXJQNhd5Gm,Toyota Camry 2004 Black,"₦ 1,856,250","Rivers State, Port-Harcourt",Nigerian Used,122557 km
24,/7qvBXjsBch4yEFOSh0FHGsry,Honda Accord 2007 Blue,"₦ 1,522,500","Lagos State, Ogudu",Nigerian Used,154472 km
25,/3CFzQGfG3Wu7d0XbI70EOwYH,Toyota Sienna 2004 Silver,"₦ 2,812,500","Oyo State, Ibadan",Nigerian Used,235435 km
26,/r7P4koefu2wsTbeUBCj8GcBg,Honda Accord Crosstour 2010 Silver,"₦ 4,160,000","Lagos State, Lekki",Nigerian Used,213435 km
27,/6pqMVHgoFkViSckd1ZIV0AmJ,Toyota Camry 2.4 2008 Gold,"₦ 4,935,000","Akwa Ibom State, Uyo",Foreign Used,225187 km
28,/mnDC1rg6ThFgxm5nRgoighL,Volkswagen Jetta 2009 Blue,"₦ 1,470,000","Oyo State, Ibadan",Nigerian Used,...
29,/upo5Mc8tQ8a4MXvqH7mc6d4Y,Toyota Corolla 2006 Blue,"₦ 2,912,000","Lagos State, Ikeja",Nigerian Used,243028 km
30,/tHNLirC9X1G89TJvhn7u6eou,Toyota Camry 2002 Green,"₦ 2,184,000","Abuja (FCT), Lugbe District",Nigerian Used,553889 km
31,/C4x6i5Wexckuazruhw9LczK2,Toyota Corolla 2013 Red,"₦ 4,410,000","Lagos State, Apapa",Nigerian Used,121908 km
32,/dwwUimBtqrl9jR4s3TDoR2F2,Honda Accord 2005 Black,"₦ 1,872,000","Lagos State, Ojodu",Nigerian Used,246338 km
33,/1hpsK73cdFOy4wvzW83MCTdU,Volkswagen Routan 2010 Gray,"₦ 5,250,000","Lagos State, Ikorodu",Nigerian Used,152341 km
34,/nFwwjz9OPBBJVStuhzndU27p,Mercedes-Benz GL-Class GL 450 2012 Green,"₦ 15,808,000","Lagos State, Ikeja",Foreign Used,346012 km
35,/kFFnfhoXOU5igCKE9G5vQPhy,Honda Accord 2014 Silver,"₦ 5,040,000","Lagos State, Yaba",Nigerian Used,39551 km
36,/zXWcZQ1cRyhNFfgH0K2C69yO,Lexus ES 2011 Gold,"₦ 5,720,000","Lagos State, Alimosho",Nigerian Used,109036 km
37,/oDuhT2t5vfMYScf5ZcjhZa9,Toyota Highlander 2015 Blue,"₦ 12,600,000","Lagos State, Isolo",Nigerian Used,98483 km
38,/Bqy8fS8Me2wAaoMRndG519gj,Mazda 626 2000 White,"₦ 924,000","Akwa Ibom State, Uyo",Nigerian Used,203790 km
39,/tD7eqj95tiokld4HT9y2N5UR,Toyota Corolla 2004 Red,"₦ 2,250,000","Oyo State, Ibadan",Nigerian Used,435300 km
40,/5DkDz6mMlXzPVS6UVd4s22gk,Toyota Sienna 2000 Gray,"₦ 1,155,000","Lagos State, Ikorodu",Nigerian Used,231528 km
41,/6xWf2AQOJjuEpSlFsjslYnKS,Toyota Tacoma 2013 White,"₦ 10,500,000","Lagos State, Ajah",Foreign Used,82516 km
42,/wxvl58nWPr4exkOA21QQ4TI9,Toyota Sienna 2007 Gold,"₦ 3,432,000","Lagos State, Alimosho",Nigerian Used,368443 km
43,/Bk1QuGZkqmIFwZ14smYNa3ah,Honda CR-V 2002 Black,"₦ 1,230,600","Lagos State, Ojodu",Nigerian Used,216145 km
44,/fS15xy5Ba5w1rph1ywx3uWao,Nissan Sentra 2005 Black,"₦ 840,000","Ogun State, Ado-Odo/Ota",Nigerian Used,248025 km
45,/d3MzHubjZi5HQJSBmY8Dityq,Toyota Corolla 2010 Silver,"₦ 4,160,000","Abuja (FCT), Garki 2",Nigerian Used,139161 km
46,/pG4W9zQJRuopk23JrNoYz16N,Toyota Corolla 2009 Blue,"₦ 3,255,000","Abuja (FCT), Katampe",Nigerian Used,93892 km
47,/mWzv5DhAQxqsoG69O9GNnrIg,Hyundai Elantra 2008 Black,"₦ 2,600,000","Kaduna State, Kaduna / Kaduna State",Nigerian Used,313045 km
48,/gpBmYPZe2v7Br1yt6HZsocmh,Honda Accord 2004 Beige,"₦ 1,365,000","Lagos State, Lekki",Nigerian Used,272543 km
49,/jGZFFAQiHiFmUtCiwqn1A12H,Honda City 2009 Gold,"₦ 1,890,000","Rivers State, Port-Harcourt",Nigerian Used,114095 km
50,/dTZpVpduwYSsLvMKC7ByrOkn,Toyota Camry 2022 Gray,"₦ 35,700,000","Abuja (FCT), Jabi",Nigerian Used,199 km
51,/zIEKMr7wrEUgwSZqsV8utGrF,Mercedes-Benz CLS 2006 Gray,"₦ 2,835,000","Kwara State, Ilorin East",Nigerian Used,431003 km
52,/hxVVi2yuvluIRRxXOLCBULjj,Toyota RAV4 2006 Blue,"₦ 2,646,000","Lagos State, Ajah",Nigerian Used,111815 km
53,/4bEj4uQUZAMs2vpLQqlV3aLV,Ford F-150 2006 Black,"₦ 2,520,000","Lagos State, Yaba",Nigerian Used,163690 km
54,/tIjrmeqpZP7H01VaStBKQaXn,Mazda CX-9 2009 White,"₦ 6,240,000","Oyo State, Ibadan",Foreign Used,69485 km
55,/dE8cEkvYl7NcFl0YiMak3IqS,Renault Laguna 2003 Silver,"₦ 3,150,000","Lagos State, Alimosho",Foreign Used,224342 km
56,/w2i75QaWsFghSgmf71vwyVkv,Volvo XC90 2005 Silver,"₦ 3,432,000","Abuja (FCT), Garki 2",Nigerian Used,193704 km
57,/32iqawGX1gIz4bVFMSPeCBkS,Peugeot 307 X-Line 1.6 Automatic 2006 Silver,"₦ 1,872,000","Akwa Ibom State, Uyo",Nigerian Used,107232 km
58,/acXAdnwSH5fRqOiSNhllwyqB,Toyota Sienna 2002 Red,"₦ 1,680,000","Oyo State, Ibadan",Nigerian Used,239544 km
59,/10WOhN1bJlLtdgBpcubym5UD,Toyota Camry 2008 Red,"₦ 3,045,000","Lagos State, Ikeja",Nigerian Used,243225 km
60,/gcA5XMwoxCf7Wh8vM8GINwfk,Lexus GX 2005 Blue,"₦ 4,708,000","Lagos State, Ilupeju",Nigerian Used,117966 km
61,/eRnk7hcyOGjm99N5zVhVATAA,Honda Accord 2009 Gray,"₦ 2,184,000","Lagos State, Alimosho",Nigerian Used,254063 km
62,/tYixrTzU6GkHwjWhYdUcxdVt,Mazda 6 2009 Silver,"₦ 1,910,000","Abuja (FCT), Garki 2",Nigerian Used,357323 km
63,/b5BzqM9mjlkQ9Otod9L02wIM,Toyota Sienna 2006 Black,"₦ 2,940,000","Lagos State, Lekki",Nigerian Used,215698 km
64,/6mJDuqKq0kvVFGdYVQDbihRN,Nissan Murano 2007 Gray,"₦ 2,100,000","Rivers State, Port-Harcourt",Nigerian Used,183110 km
65,/pRhRpTOaHUepHdi1sIZFxIxQ,Honda Pilot 2005 Silver,"₦ 2,392,000","Lagos State, Ogba",Nigerian Used,329946 km
66,/cyWIsbnhpNWWpEy8uJ7tBwCc,Honda Odyssey 2009 Silver,"₦ 1,575,000","Oyo State, Ibadan",Nigerian Used,206280 km
67,/aEgBBUaNoALvYcZNkuSim0Qi,Toyota Camry 2007 Gold,"₦ 3,640,000","Edo State, Benin City",Nigerian Used,62934 km
68,/aRsaLE0e9Vm7Cim7E9R1zMj1,Toyota Avalon 2015 Black,"₦ 5,775,000","Lagos State, Ikotun/Igando",Nigerian Used,122556 km
69,/5bgtzkO0u9oGXhGwauj4LvDn,Honda Accord 2005 Blue,"₦ 945,000","Edo State, Benin City",Nigerian Used,...
70,/nftiI2IIKxEJFcUd4G9svHZB,Honda CR-V 2006 Silver,"₦ 1,732,500","Lagos State, Ikorodu",Nigerian Used,123521 km
71,/kIgxc54YM53QSGZZ4EhWSJ2c,Hyundai Sonata 2013 Gray,"₦ 3,160,000","Lagos State, Lekki",Nigerian Used,75716 km
72,/nz5nHyEKv7PhrngWsOcNDwBI,Toyota Camry 2004 Silver,"₦ 1,575,000","Abuja (FCT), Jabi",Nigerian Used,297997 km
73,/unMI6oMmLfLGJjDAOt7QJlVX,Honda Pilot 2006 Gray,"₦ 2,313,400","Lagos State, Surulere",Nigerian Used,282569 km
74,/vXD9eCZKN3pxObYsxnHfOaTu,Honda Accord 2016 Black,"₦ 12,080,000","Abuja (FCT), Garki 2",Foreign Used,152190 km
75,/swhd77QGO6wNRzmk0uGvRA8w,Mercedes-Benz C350 2011 Blue,"₦ 5,928,000","Abuja (FCT), Gwarinpa",Nigerian Used,169914 km
76,/dRMdf282mEN2AFl9ROS0QYcu,Honda Accord 2007 Gray,"₦ 2,600,000","Lagos State, Ojodu",Nigerian Used,257626 km
77,/u4syZIGdgibtNwtjFsQosGIT,Honda Civic 2008 Black,"₦ 1,627,500","Abuja (FCT), Gwarinpa",Nigerian Used,210186 km
78,/napjyT7s6gX2KD9RU6FjWK3b,Toyota Sienna 2008 Red,"₦ 2,625,000","Ogun State, Ado-Odo/Ota",Nigerian Used,374110 km
79,/85cVZIU0lf6RcTgZicaoVuXm,Toyota Camry 2008 Black,"₦ 4,160,000","Abuja (FCT), Kubwa",Nigerian Used,245683 km
80,/v65JtAZYXUj5cIdmrTCSCD4q,Toyota Camry 2008 Gray,"₦ 2,772,000","Ondo State, Akure",Nigerian Used,382108 km
81,/klW29PJyRPSR0khAQ7K2zM0s,Volvo XC90 T6 AWD 2005 Gray,"₦ 1,806,000","Lagos State, Ikorodu",Nigerian Used,244035 km
82,/hTC8yivmApGFlkwQpyUGklkC,Mercedes-Benz GLK-Class 2010 White,"₦ 10,192,000","Lagos State, Ikorodu",Nigerian Used,149061 km
83,/6xsBnOkh1bNg9ipQSStKEPgP,Infiniti QX4 2003 Silver,"₦ 2,625,000","Abuja (FCT), Mararaba",Nigerian Used,173781 km
84,/BiLfLNe2i82tUDcg2aVjX8Kx,Toyota Highlander Limited V6 2005 Blue,"₦ 3,024,000","Lagos State, Ikeja",Nigerian Used,229649 km
85,/2sCsqOsYhKrlu6eiAakD0mwq,Mercedes-Benz C300 2011 White,"₦ 4,935,000","Lagos State, Amuwo-Odofin",Foreign Used,153944 km
86,/wPWsTD63jfkZtqZWEz6sjLeu,Ford F-150 2005 Black,"₦ 3,045,000","Abuja (FCT), Garki 2",Nigerian Used,385147 km
87,/CmgzY9ab1PkIo9PvRaPnxPJW,Peugeot 406 2002 Green,"₦ 1,456,000","Abuja (FCT), Garki 2",Nigerian Used,449965 km
88,/x4Myu8iJrBdFp9yCeXpzh8i4,Honda Accord 2010 Green,"₦ 1,984,498","Lagos State, Ikeja",Nigerian Used,139035 km
89,/oMiS5oxBx2eCqp0oSHhSLOZd,Toyota Camry 2005 Silver,"₦ 1,995,000","Abuja (FCT), Jabi",Nigerian Used,213378 km
90,/BQFhITmTEYLSIIq722Gjjibl,Toyota Highlander 2002 Blue,"₦ 2,205,000","Oyo State, Ibadan",Nigerian Used,278343 km
91,/6C8Ybp3vg73Gcu7vLJ9J7ioN,Kia Cerato 2013 Gray,"₦ 6,825,000","Ogun State, Ado-Odo/Ota",Foreign Used,373500 km
92,/7CSfJKc9uTndBQtZ7GCMw1fx,Toyota RAV4 2007 Red,"₦ 6,864,000","Kaduna State, Kaduna / Kaduna State",Foreign Used,182272 km
93,/i6XLVHMvgsUmjPiMWqyg5HoV,Toyota Highlander Limited V6 2006 Black,"₦ 4,368,000","Ondo State, Akure",Nigerian Used,209663 km
94,/rAsMw064bEefPGpfgrAtM6on,Toyota 4-Runner SR5 V6 2007 Gray,"₦ 4,680,000","Lagos State, Isolo",Nigerian Used,146527 km
95,/8ikRr6TjcRzN7qgXzQSfUUlF,Ford Fusion 2010 Black,"₦ 2,415,000","Lagos State, Mushin",Nigerian Used,61710 km
96,/r7rZuTJkDaUzGCOr4YT34QOL,Toyota Highlander 2012 Black,"₦ 7,800,000","Abuja (FCT), Lugbe District",Nigerian Used,214212 km
97,/wVPTZsXn007cKHhuYu9nawfL,Toyota Camry 2.4 LE 2008 Silver,"₦ 3,432,000","Imo State, Owerri",Nigerian Used,236241 km
98,/5Q75dXbPAt7IyVzH5AwmaEJ4,Lexus IS 2009 White,"₦ 4,992,000","Lagos State, Ikorodu",Nigerian Used,103167 km
99,/6vI7bjQE7J4RKMQGAjPYFEdJ,Hyundai Sonata 2018 White,"₦ 8,925,000","Lagos State, Lekki",Nigerian Used,113523 km
100,/p7dAh4IhPbpx9xuHNgyxRnPF,Volkswagen Beetle 2008 Gold,"₦ 2,835,000","Abuja (FCT), Jabi",Foreign Used,90330 km
101,/aXHkNgraeeP5111ITqEfEUd0,Toyota Camry 2005 Gold,"₦ 2,310,000","Ondo State, Akure",Nigerian Used,257109 km
102,/aWKUp8ssBEQi99i8sBqImXZe,Toyota Avalon 2019 Silver,"₦ 29,280,000","Lagos State, Lekki",Foreign Used,16476 km
103,/8MathyZlpKh4Ld7rlm9Oh0KQ,Honda Accord 2005 Gray,"₦ 1,820,000","Abuja (FCT), Kubwa",Nigerian Used,165026 km
104,/CsL18SzxFBFWZvm8ciY507X8,Toyota Tacoma 2013 Gray,"₦ 14,040,000","Abuja (FCT), Mararaba",Foreign Used,45097 km
105,/7KH288hWSRMypLkH5e2zzb6O,Toyota Camry 2003 Silver,"₦ 2,392,000","Kwara State, Ilorin East",Nigerian Used,258200 km
106,/3wGLEH1ub78ySvFmXptqyaRu,Mazda MPV 2004 White,"₦ 1,680,000","Lagos State, Ojodu",Nigerian Used,155060 km
107,/oJFjxUYaF6rNrjpUWGFYqBPO,Honda Ridgeline RTL 2006 Silver,"₦ 3,442,500","Anambra State, Onitsha",Nigerian Used,319452 km
108,/raiDalGQ6QXjLbDcbRfoKN1P,Toyota Fortuner 2014 Beige,"₦ 11,550,000","Lagos State, Ikorodu",Nigerian Used,186226 km
109,/A4YzbxzDXxpV6e5uhNP6m3sw,Nissan Murano SE 2004 Black,"₦ 1,575,000","Lagos State, Ikeja",Nigerian Used,258733 km
110,/p4whXvGy4R6eZ4CqEMsxH6np,Nissan Sentra 2006 Gray,"₦ 1,365,000","Lagos State, Yaba",Nigerian Used,480753 km
111,/348MWd8WAgUFMDRfuV10kxb1,Toyota Camry 2006 Silver,"₦ 2,808,000","Abuja (FCT), Wuse",Nigerian Used,153575 km
112,/53p6cLa3SHFnToYuomlcgs1A,Toyota RAV4 2003 Silver,"₦ 1,785,000","Abuja (FCT), Mararaba",Nigerian Used,195556 km
113,/nPLsSHFVoJ0Q6P2GQyBRtB6E,Honda Ridgeline 2008 Silver,"₦ 3,990,000","Lagos State, Ojodu",Foreign Used,153864 km
114,/aknCBjfrmzbBBrpP9LYswGXM,Ford Edge 2007 Black,"₦ 2,205,000","Lagos State, Alimosho",Nigerian Used,171589 km
115,/rh0kPj1H1IyJfBrTnNw7wwJ1,Mercedes-Benz C230 2007 Silver,"₦ 2,310,000","Abuja (FCT), Garki 2",Nigerian Used,60919 km
116,/5xEMOXskcyOc0VRxKzkpycIc,Toyota Camry 2007 White,"₦ 3,432,000","Oyo State, Ibadan",Nigerian Used,197298 km
117,/bw4lZjUKmzVAKgBiQX2YXgmh,Kia Cerato 2007 Black,"₦ 1,050,000","Abuja (FCT), Jabi",Nigerian Used,227161 km
118,/8kO8vIlDUL9hwq4UQF59IOGr,Toyota Camry 2002 Black,"₦ 2,080,000","Lagos State, Alimosho",Nigerian Used,142548 km
119,/fMchgCjAlvJhcZTwr59I4bTu,Acura MDX 2007 White,"₦ 3,640,000","Lagos State, Magodo",Nigerian Used,205117 km
120,/glfIqFyju2DLVCXetJ5mT9fc,Mercedes-Benz GL-Class 2007 Silver,"₦ 5,200,000","Lagos State, Alimosho",Nigerian Used,159228 km
121,/pfJuJENei58C06xMPrNfIFrw,Kia Rio 2009 Blue,"₦ 1,260,000","Lagos State, Victoria Island",Nigerian Used,97117 km
122,/xF8f2NuLH49oYJD8rj4gqvMA,Volkswagen Passat 2007 Black,"₦ 2,080,000","Oyo State, Ibadan",Nigerian Used,134588 km
123,/yrAgw6vy6gMa5bOTUV42MczZ,Nissan Almera 2000 Green,"₦ 1,155,000","Oyo State, Ibadan",Nigerian Used,275045 km
124,/cjJgPXhw3Q0aJ1iBNjIDqXxG,Toyota Camry 2006 Silver,"₦ 3,120,000","Abuja (FCT), Kubwa",Nigerian Used,194295 km
125,/l8hAExlQTZzvswPb8L25pjuM,Mercedes-Benz R-Class 2006 Silver,"₦ 2,100,000","Oyo State, Ibadan",Nigerian Used,...
126,/imT8hmyyzGNzLUIPOcyWT79N,Toyota Camry 2009 Gray,"₦ 4,239,375","Lagos State, Mushin",Foreign Used,341645 km
127,/oONdoozdphWr37Lt7Vm3Oz4D,Mercedes-Benz M Class 2006 Red,"₦ 4,680,000","Lagos State, Alimosho",Nigerian Used,...
128,/cKqwlJGLNlXElOwaKWOyZ1R4,Toyota Land Cruiser Prado 2.7 VVT-i 2014 Black,"₦ 14,070,000","Lagos State, Ikeja",Nigerian Used,141321 km
129,/yDjTaH2LxpWTGSJoZisMWw5v,Mercedes-Benz G-Class 2013 White,"₦ 19,740,000","Lagos State, Ikeja",Nigerian Used,259362 km
130,/P7XwI9ctP5IGEtV85ECK4io,Mercedes-Benz GLK-Class 2010 Silver,"₦ 6,800,000","Lagos State, Alimosho",Nigerian Used,362790 km
131,/iJK73u9yh6qIANL49UjGyqS,Toyota Matrix 2006 Red,"₦ 2,467,500","Abuja (FCT), Jabi",Nigerian Used,138581 km
132,/jYGRuThnkZbgZY9qs4n90u55,Kia Cerato 2016 Silver,"₦ 3,360,000","Ondo State, Akure",Nigerian Used,137952 km
133,/uHPxre4Ri0A77stXUnrbqglB,Toyota Venza 2009 White,"₦ 12,376,000","Lagos State, Amuwo-Odofin",Foreign Used,294694 km
134,/ftAJa1THygkAItRgXal1jjl6,Toyota Camry 1999 Gray,"₦ 1,560,000","Kwara State, Ilorin East",Nigerian Used,381719 km
135,/tOqj79vBupx8K5sxKheE3Dfs,Infiniti FX35 2009 Black,"₦ 3,885,000","Lagos State, Alimosho",Nigerian Used,90432 km
136,/zM83IYhN4tGSewHzwzrRjvpU,Honda Civic 2005 Black,"₦ 1,207,500","Lagos State, Ogudu",Nigerian Used,...
137,/kWkFxW6qJhQ1HcAgu3FcEMyv,Lexus GX 2011 Black,"₦ 20,800,000","Lagos State, Lekki",Foreign Used,105484 km
138,/58sOkMYt1fTjAAoDrkQ0tjw4,Cadillac Escalade 2007 Gold,"₦ 7,460,000","Lagos State, Amuwo-Odofin",Foreign Used,220494 km
139,/pzmnJnPylruTVyxlqzE8DmmG,Toyota Venza 2009 Black,"₦ 6,300,000","Abuja (FCT), Jabi",Nigerian Used,75127 km
140,/mELJoGJAqDfVuwKBt8htgFbJ,Toyota Sequoia 2011 Black,"₦ 8,400,000","Lagos State, Ajah",Nigerian Used,139867 km
141,/2Ux9AGkeESDUOGxGmHdd9fXt,Nissan Sentra 2007 White,"₦ 1,155,000","Lagos State, Ilupeju",Nigerian Used,39248 km
142,/6fVlBD8xkGOzGs2T6ppXVxHj,Lexus RX 350 2010 Silver,"₦ 8,840,000","Ogun State, Ado-Odo/Ota",Nigerian Used,120929 km
143,/g8P2PZJ0JG7VWtRHFORiDohb,Toyota Camry 2002 Gray,"₦ 2,600,000","Lagos State, Magodo",Nigerian Used,192336 km
144,/p88JYGRYxDSUMZfB7MOTFCOg,Toyota Camry 2002 Silver,"₦ 2,288,000","Ondo State, Akure",Nigerian Used,352596 km
145,/A4cuGS4UtJwzQ9MlqI2lLO2f,Ford Explorer 2008 Teal,"₦ 2,310,000","Lagos State, Ogba",Nigerian Used,401448 km
146,/7C6snY58VMXoZ2G3HAKJniiR,Lexus IS 250 2010 Red,"₦ 4,992,000","Abuja (FCT), Garki 2",Nigerian Used,185642 km
147,/qb3H6tyqSazjGnwS0FH93x9Q,Mercedes-Benz M Class 2013 Silver,"₦ 10,263,750","Abuja (FCT), Wuse",Nigerian Used,55694 km
148,/CkDqct2L0rca6M5GeqgwLnKW,Jaguar XJ 2011 Black,"₦ 16,380,000","Lagos State, Ikoyi",Nigerian Used,96920 km
149,/rlnLqHqXCr6NmDmfL2z6vJaD,Lexus RX 330 2004 Black,"₦ 4,368,000","Lagos State, Alimosho",Nigerian Used,301904 km
150,/dFHyv3bb48BHd08O0SUJyGWM,Infiniti G35 2003 Black,"₦ 1,260,000","Lagos State, Alimosho",Nigerian Used,181219 km
151,/i0hQ7WcE2V8kVuqsI8Ta9QuR,Toyota Highlander 2003 Blue,"₦ 3,640,000","Abuja (FCT), Garki 2",Nigerian Used,239751 km
152,/5LP8Nuuf7CLg1l1hEy0tv5m7,BMW 328i 2009 White,"₦ 3,150,000","Kaduna State, Kaduna / Kaduna State",Foreign Used,156715 km
153,/oXL8YOCTFa2ykAJndXzewCLx,Toyota Avalon 2015 Off white,"₦ 8,190,000","Lagos State, Victoria Island",Nigerian Used,209814 km
154,/wR0Itz3sAzw6yXkq4sMvsybA,Toyota Corolla 2014 Black,"₦ 4,725,000","Lagos State, Yaba",Nigerian Used,118199 km
155,/bhdW84i9Mb4HG0SG63mNexY2,Toyota Camry 2012 Red,"₦ 6,300,000","Lagos State, Lekki",Foreign Used,221627 km
156,/5tsBHLuXoDNQAaE5vREgEeYl,Toyota Camry 2005 Brown,"₦ 2,704,000","Lagos State, Ikeja",Nigerian Used,263334 km
157,/rI4mLha8hqMpmwqrlG1thJr2,Land Rover Range Rover Vogue 2017 Black,"₦ 14,700,000","Abuja (FCT), Jabi",Nigerian Used,42082 km
158,/dzRjtXzN2ToV3zHUJYgVETbK,Honda Pilot 2003 Black,"₦ 1,470,000","Lagos State, Surulere",Nigerian Used,365864 km
159,/39x3Y3zMMCf0NHQWKGj2bILp,Toyota 4-Runner 1999 Silver,"₦ 2,100,000","Lagos State, Yaba",Nigerian Used,335071 km
160,/D7y0Do3VcE6srPebr1UNBcU,Ford Escape 2014 Black,"₦ 4,305,000","Lagos State, Ikorodu",Nigerian Used,219193 km
161,/5QxMB4qKvDCAfF4JMWLDHGro,Toyota RAV4 SE 4dr SUV (2.5L 4cyl 6A) 2018 Blue,"₦ 13,860,000","Lagos State, Ikeja",Foreign Used,125670 km
162,/1hM336q5C3WgUjMXZNK0AMa9,Ford F-150 2005 Blue,"₦ 1,890,000","Lagos State, Ojodu",Nigerian Used,313602 km
163,/vcGh7CQnX4jG1KCyHnjPD8Z6,Toyota Tundra CrewMax Limited 5.7L 2010 Gray,"₦ 7,350,000","Abuja (FCT), Garki 2",Nigerian Used,93737 km
164,/1zE5NE6JbyHM8scWPgmWtOTT,Honda Civic 2008 Gray,"₦ 3,150,000","Lagos State, Yaba",Nigerian Used,260950 km
165,/yWt4IUE14sgoYmLXUm81ruqa,Toyota Camry 1996 Gold,"₦ 892,500","Oyo State, Ibadan",Nigerian Used,387191 km
166,/HjkgeQcsyh1ekowEXElThkK,Nissan Armada 2004 Black,"₦ 2,205,000","Lagos State, Alimosho",Nigerian Used,219465 km
167,/fJEsl9PpPjzFrg6OeLFkpnZR,Honda Accord 2005 Silver,"₦ 1,768,000","Abuja (FCT), Mararaba",Nigerian Used,200704 km
168,/i6BJP0TOoIhksaOM33jSVfmU,Volkswagen Rabbit 2007 White,"₦ 2,310,000","Lagos State, Ikeja",Nigerian Used,243060 km
169,/2IXcv2Mb2AvkRWKt3DzGeuS6,Toyota Corolla 2006 Black,"₦ 3,120,000","Lagos State, Yaba",Nigerian Used,482800 km
170,/f1XTQp8y9cjKAXMF6ay0cEQQ,Mercedes-Benz C300 2015 White,"₦ 13,650,000","Ondo State, Akure",Foreign Used,169600 km
171,/b7q1Sgcq9kJOx96xGQiNgkaf,Lexus IS 2006 Silver,"₦ 3,150,000","Lagos State, Yaba",Nigerian Used,383001 km
172,/BbI9yKWX068QCYAt0Qti1EiS,Toyota Camry 2002 Gold,"₦ 1,365,000","Ondo State, Akure",Nigerian Used,486400 km
173,/zdsaWio85xRhlxau3VemApJe,Mercedes-Benz S-Class S 550 2012 Silver,"₦ 10,825,000","Abuja (FCT), Garki 2",Nigerian Used,74903 km
174,/pWTY2l6F8YkBpL3McWgnZAhZ,Honda Pilot 2003 Blue,"₦ 1,365,000","Abuja (FCT), Wuse",Nigerian Used,264100 km
175,/zMXrRyn6zUvPEukL8Igl3CPe,Toyota Avensis 1.8 VVTi 2008 Blue,"₦ 1,785,000","Akwa Ibom State, Uyo",Nigerian Used,256487 km
176,/dlomP1m8LDL6O6mYjm3J6fIQ,Nissan Titan 2004 Black,"₦ 3,150,000","Lagos State, Ajah",Nigerian Used,316029 km
177,/z3DxKWKeXxPZmv7bQ4vMB98q,Chrysler 300 2009 Black,"₦ 3,255,000","Oyo State, Ibadan",Nigerian Used,145535 km
178,/uOeKTPIUerL2sIfUhOQR1mjN,Toyota Sienna 2013 Ivory,"₦ 8,400,000","Delta State, Oshimili South",Foreign Used,85799 km
179,/5Xofrg0lHUb6bGs12x6hmxcb,Volkswagen Passat 2012 Red,"₦ 4,368,000","Oyo State, Ibadan",Nigerian Used,74869 km
180,/md092obrSIfQrrveRpF3LoUk,Toyota Sienna 2008 Gray,"₦ 4,725,000","Lagos State, Alimosho",Foreign Used,360244 km
181,/dmaUr6CUA1dm9cvsoQz2kuwX,Toyota Yaris 2019 Silver,"₦ 8,400,000","Oyo State, Ibadan",Foreign Used,110928 km
182,/a4WIDmK9WwnksMB0JYuPCOhy,Hyundai Sonata 2011 Red,"₦ 4,252,500","Imo State, Owerri",Foreign Used,321423 km
183,/8JkcinssLTghR4q3zw077pR4,Land Rover Range Rover Evoque Pure 2012 Gray,"₦ 7,350,000","Lagos State, Ilupeju",Nigerian Used,55749 km
184,/aTm7YjeRtI9CzvNAzRkyLaQI,Car 2005 Gray,"₦ 1,785,000","Lagos State, Yaba",Nigerian Used,85260 km
185,/B5zvkA2kKJT97dRoK2aXT7Jm,Toyota Highlander Hybrid 2009 Silver,"₦ 7,245,000","Lagos State, Ikeja",Foreign Used,40244 km
186,/7SQmNpu2IepUWEziQJuq2NIq,Dodge Caravan 2012 Gray,"₦ 4,725,000","Lagos State, Lekki",Foreign Used,135798 km
187,/tQOeEvDxRym0A8ayhx0ySMSW,Mercedes-Benz M Class 2003 Black,"₦ 3,675,000","Oyo State, Ibadan",Nigerian Used,73538 km
188,/5qGGq2nJNrOmE66nCaYgLQEt,Jaguar S-Type 2008 Green,"₦ 3,150,000","Abuja (FCT), Jabi",Foreign Used,52845 km
189,/yqnYPwcCnvc0tGgxt00B1egC,Toyota Camry 2008 Black,"₦ 3,150,000","Abuja (FCT), Gwarinpa",Nigerian Used,124983 km
190,/17oTjnzKEETjndEcVlzZ03SY,Ford Focus 2012 Black,"₦ 4,200,000","Abuja (FCT), Garki 2",Foreign Used,373355 km
191,/BxpE1PphWk8X5pJV1HBWWDP4,Toyota Corolla 2005 Red,"₦ 2,415,000","Edo State, Benin City",Nigerian Used,291348 km
192,/xv5uOBoZJeJPaSb4hoQmUnsi,Lexus RX 330 2006 Blue,"₦ 3,937,500","Anambra State, Onitsha",Nigerian Used,138580 km
193,/tA1AEG5alfYbROl8R3tRCP5Z,Toyota Camry 2008 Gray,"₦ 3,026,250","Lagos State, Ojodu",Nigerian Used,278077 km
194,/sC1ffdQ4uIhPwp144GGUvERa,Toyota Camry 2010 Silver,"₦ 4,500,000","Lagos State, Ikorodu",Nigerian Used,188487 km
195,/G1DgVFPlzJC64UrNpMlRg6g,Hyundai Tucson 2014 Silver,"₦ 6,187,500","Lagos State, Ikoyi",Foreign Used,166578 km
196,/s4I6QEtUIOPo82gYfCEWbjeL,New Toyota Corolla 2009 Gold,"₦ 3,150,000","Lagos State, Ifako-Ijaiye",Brand New,145681 km
197,/kUNewF7GxkTKVwDviAIElPyU,Mercedes-Benz M Class 2012 Gray,"₦ 9,562,500","Delta State, Oshimili South",Nigerian Used,532965 km
198,/pOHmLaSyAsNCwVK3vTP4kRuT,Lexus RX 350 2011 White,"₦ 11,587,500","Lagos State, Magodo",Foreign Used,293033 km
199,/4V77qeLt9yqmXhYEeLklBUIC,Honda Accord 2003 Gold,"₦ 1,462,500","Oyo State, Ibadan",Nigerian Used,243576 km
200,/kAFPQ5CQmwbPzBpTaCvAGD6O,Toyota Venza 2010 Green,"₦ 7,875,000","Abuja (FCT), Garki 2",Nigerian Used,36871 km
201,/ajQjWngzZ4rKhIjnWWc5nIWM,Lexus RX 330 2004 Blue,"₦ 4,387,500","Ondo State, Akure",Nigerian Used,276651 km
202,/6pymee9mOb8EO1sDQWm37Yq0,Lexus RX 350 2008 Gray,"₦ 3,675,000","Lagos State, Ikorodu",Nigerian Used,145057 km
203,/6pymee9mOb8EO1sDQWm37Yq0,Lexus RX 350 2008 Gray,"₦ 3,675,000","Lagos State, Ikorodu",Nigerian Used,145057 km
204,/6pymee9mOb8EO1sDQWm37Yq0,Lexus RX 350 2008 Gray,"₦ 3,675,000","Lagos State, Ikorodu",Nigerian Used,145057 km
205,/6pymee9mOb8EO1sDQWm37Yq0,Lexus RX 350 2008 Gray,"₦ 3,675,000","Lagos State, Ikorodu",Nigerian Used,145057 km
206,/6pymee9mOb8EO1sDQWm37Yq0,Lexus RX 350 2008 Gray,"₦ 3,675,000","Lagos State, Ikorodu",Nigerian Used,145057 km
207,/6pymee9mOb8EO1sDQWm37Yq0,Lexus RX 350 2008 Gray,"₦ 3,675,000","Lagos State, Ikorodu",Nigerian Used,145057 km
208,/6pymee9mOb8EO1sDQWm37Yq0,Lexus RX 350 2008 Gray,"₦ 3,675,000","Lagos State, Ikorodu",Nigerian Used,145057 km
209,/6pymee9mOb8EO1sDQWm37Yq0,Lexus RX 350 2008 Gray,"₦ 3,675,000","Lagos State, Ikorodu",Nigerian Used,145057 km
210,/6pymee9mOb8EO1sDQWm37Yq0,Lexus RX 350 2008 Gray,"₦ 3,675,000","Lagos State, Ikorodu",Nigerian Used,145057 km
211,/6pymee9mOb8EO1sDQWm37Yq0,Lexus RX 350 2008 Gray,"₦ 3,675,000","Lagos State, Ikorodu",Nigerian Used,145057 km
212,/6pymee9mOb8EO1sDQWm37Yq0,Lexus RX 350 2008 Gray,"₦ 3,675,000","Lagos State, Ikorodu",Nigerian Used,145057 km
213,/6pymee9mOb8EO1sDQWm37Yq0,Lexus RX 350 2008 Gray,"₦ 3,675,000","Lagos State, Ikorodu",Nigerian Used,145057 km
214,/6pymee9mOb8EO1sDQWm37Yq0,Lexus RX 350 2008 Gray,"₦ 3,675,000","Lagos State, Ikorodu",Nigerian Used,145057 km
